{
  "test_loss": 1.0846720933914185,
  "test_acc": 0.4981158971786499,
  "scaler_mean": [
    33821.23320727703,
    33893.11332542754,
    33746.126571175875,
    33821.97090050608,
    34051.54751435733,
    33565.31877998382,
    485.7603766221405,
    146.98675425167377,
    0.7376932290509973,
    3.531765311754222e-05,
    33819.86725577863,
    33817.52968289138,
    157.7059142283565,
    146.98378113115828,
    28659.390035888377,
    38803.47845658197,
    28843.678882066626,
    38987.76730276023,
    33813.62806897864,
    0.9984690801789511
  ],
  "scaler_scale": [
    28807.08346894091,
    28856.80557759913,
    28755.61159756701,
    28807.531423234836,
    28962.974490496024,
    28636.51576739784,
    583.1909952225202,
    186.81482031690692,
    137.72645981226538,
    0.0045409081305903135,
    28805.146389084646,
    28802.56791870192,
    197.60160727436477,
    152.47809483585456,
    24424.296534682097,
    33063.08675086206,
    24548.39622492926,
    33187.16376756392,
    28797.281350599744,
    0.03909700890797758
  ],
  "features": [
    "Open",
    "High",
    "Low",
    "Close",
    "HighHighest10",
    "LowLowest10",
    "DiffPrevHighCurrentLow",
    "HL",
    "OC",
    "RET",
    "MA_10",
    "MA_20",
    "STD_20",
    "ATR_14",
    "support_low",
    "support_high",
    "resistance_low",
    "resistance_high",
    "median_price",
    "is_accum"
  ]
}